word,label
ㅁㅏㅇㅣㅍㅔㅇㅈㅣ,2
ㅇㅓㅂㄷㅔㅔㅇㅣㅌㅡ,0
ㅇㅏㅅㄱㅓㅇㅋㅗㄷㅡ,1
ㄷㅔㅇㅣㅌㅓㅂㅔㅇㅣㅆㅡ,0
ㅁㅕㅇㄹㅇㅕㅈㅔㅇㅓ,1
ㄹㅐㄹㅅㅓㅁㅇㅞㅇㅓ,1
ㅋㅓㅁㄴㅣㅌㅣ,2
ㅉㅗㄱㅈㅣ,2
ㄱㅖㅈㅈㅓㅇㄱㅘㄴㄹㅣ,0
ㅇㅂㅔㄴㅌㅡ,2
ㅈㅏㄱㅅㅓㅎㅇㅏㄱㅣ,2
ㅇㅣㄱㅅㅡㅡㄹㄹㅗㅇㅣㅅ,1
ㅁㅕㅇㅕㅇㅈㅔㅇㅓ,1
ㅇㅓㅂㄷㅔㅇㅣㅌㅌㅡ,0
ㅍㅔㅇㅣㄹㅗㄸㅡ,1
ㅅㅓㅓ,0
ㅉㄱㅗㅈㅣ,2
ㄱㅝㅎㅏㄴㅅㅏㅇㅅㅡㅇ,1
ㅌㅡㄹㅗㅇㅣㅁㅗㄱㅏ,1
ㅋㅣㄹㅗㅣㅇ,1
ㄹㅣㅂㅂㅓㅅㅡㅅㅖㄹ,1
ㅈㅏㄱㅅㅇㅎㅏㄱㅣ,2
ㅇㅣㄱㅅㅡㅡㅍㅡㄹㄹㅗㅇㅣㅅ,1
ㅊㅟㅇㅑㄱㅈㅓㅓㅁ,1
ㅇㅏㄱㅅㅓㅋㅗㄷㅡ,1
ㅊㅣㄹㄱㅜㅊㅜㄱㅏ,2
ㄱㅖㅈㅓㅇㄲㅘㄴㄹㅣ,0
ㅁㅏㅇㅣㅍㅔㅇㅣㅈㅣ,2
ㅍㅔㅇㅣㄹㅗㄷㄷㅡ,1
ㅎㅘㄴㄲㅕㅇㅅㅓㄹㅈㅓㅇ,0
ㄲㅝㄴㅎㅏㄴㅅㅏㅇㅅㅡㅇ,1
ㄹㅣㅂㅓㅅㅡㅖㄹ,1
ㅍㅡㄹㅗㅣㄹ,2
ㅎㅐㅣㅇ,1
ㅅㅓㅃㅓ,0
ㅇㅣㅂㅔㄹㅌㅡ,2
ㅅㅏㅇㅇㅈㅏ,2
ㄹㅣㅂㅓㅅㅡㅅㅖㅖㄹ,1
ㅅㅏㅇㅛㅇㅈㅏ,2
ㄷㅔㅇㅣㅌㅓㅂㅔㅇㅇㅣㅅㅡ,0
ㅇㅣㄹㅈㅡㅇ,0
ㄴㅔㅌㅡㅇㅝㅋㅋㅡ,0
ㅅㅏㅇㅛㅛㅇㅈㅏ,2
ㅁㅗㄹㅗㄱ,2
ㅈㄱㅅㅓㅇㅎㅏㄱㅣ,2
ㅊㅐㅌㅣㅣㅇ,2
ㅇㅣㄱㅡㅍㅡㄹㄹㅗㅇㅣㅅ,1
ㅂㅐㄱㄷㅗㅗㅇㅓ,1
ㅇㅣㅈㄴㅡㅇ,0
ㅅㅓㄹㅈㅓㅇ,0
ㄹㅜㅌㅋㅡㅣㅅ,1
ㅅㅣㅡㅅㅌㅔㅁ,0
ㅁㅜㅊㅏㅂㅕㅕㄹㄷㅐㅇㅣㅂ,1
ㅊㅣㄴㄱㅜㅊㅜㅜㄱㅏ,2
ㅈㅓㅂㅅㅗㅗㄱ,0
ㅊㅣㄴㄱㅊㅜㄱㅏ,2
ㅋㅓㅁㅠㄴㅣㅣ,2
ㅇㅣㄱㅅㅍㅡㅡㄹㄹㅗㅇㅣㅅ,1
ㄷㅔㅇㅣㅌㅓㅔㅇㅣㅅㅡ,0
ㅂㅏㅇㅣㄹㄹㅓㅅㅡ,1
ㅅㅡㅇㅣㅇㄴ,0
ㄱㅗㅇㄱㅕㄱ,1
ㅈㅏㄱㅅㅓㅇㅎㅏㄱㄱㅣ,2
ㅁㅜㄴㅇㅢㅅㅑㅎㅏㅇ,2
ㅂㅏㅇㄹㅣㅓㅅㅡ,1
ㅃㅐㄱㄷㅗㅇㅓ,1
ㅅㅣㅆㅡㅌㅔㅁ,0
ㄱㅗㅇㅈㅣㅅㅏㅏㅎㅇ,2
ㅇㅓㅂㄸㅔㅇㅣㅌㅡ,0
ㄷㅗㅇㅜㅁㅁㅑㄹ,2
ㄹㅗㄱㅡㅣㅇㄴ,0
ㅌㅡㄹㅗㅇㅣㅁㅗㅁㅏ,1
ㄱㄴㄹㅣㅈㅏ,0
ㄹㅜㅌㅡㅋㅅㅣ,1
ㄷㅗㅇㅇㅜㅁㅁㅏㄹ,2
ㄱㅖㅉㅓㅇㄱㅘㄴㄹㅣ,0
ㅅㅡㅡㅇㅇㅣㄴ,0
ㅁㅕㅕㅇㄹㅕㅇㅈㅔㅇㅓ,1
ㅇㅏㅁㅎㅗㅎㅐㄷㅗㄱ,1
ㄱㅗㅇㅈㅣㅏㅎㅏㅇ,2
ㄱㅘㄹㄴㅣㅈㅏ,0
ㅌㅡㄹㅗㅇㅣㅁㅗㄱㅁㅁㅏ,1
ㅌㅡㄹㅗㅇㅣㅁㅗㄱㅏㅁ,1
ㅁㅕㅇㄹㅕㅇㅔㅈㅇㅓ,1
ㅆㅓㄹㅈㅓㅇ,0
ㄱㅔㅅㅣㅍㅏㅏㄴ,2
ㅅㅏㅇㅛㅇㅇㅈㅏ,2
ㄱㅝㄴㅎㅏㄴㅅㅏㅇㅅㅅㅡㅇ,1
ㅇㅣㄱㅅㅡㅍㅡㄹㄹㅇㅣㅅ,1
ㄹㅐㄴㅅㅓㅓㅁㅇㅞㅇㅓ,1
ㅌㅡㄹㅗㅗㅇㅣㅁㅗㄱㅁㅏ,1
ㄹㅗㄱㅇㅣㄴ,0
ㅈㅓㅇㅂㅗㅅㅈㅣㅂ,1
ㅈㅓㅇㅗㅂㅅㅜㅈㅣㅂ,1
ㄷㅔㅇㅣㅌㅓㅔㅂㅇㅣㅅㅡ,0
ㅊㅟㅇㅇㅑㄱㅈㅓㅁ,1
ㅋㅣㄹㄱㅗㅣㅇ,1
ㅅㅡㅋㄹㅣㅂㅌㅡ,1
ㅇㅏㄱㅅㅓㅇㅗㄷㅡ,1
ㅁㅜㄹㅇㅢㅅㅏㅎㅏㅇ,2
ㅁㅕㅇㄹㅕㅇㅈㅔㅓ,1
ㄷㅔㅇㅣㅌㅕㅇㅠㅊㅜㄹ,1
ㅍㅡㄹㅍㅣㄹ,2
ㅇㅓㄷㅡㅁㄴㅣ,0
ㅁㅜㅊㅏㅂㅕㄹㄷㅐㅣㅇㅂ,1
ㅇㅓㅂㄷㅔㅇㅌㅣㅡ,0
ㅅㅓㅈㄹㅓㅇ,0
ㄷㅔㅇㅣㅌㅓㅂㅂㅔㅇㅣㅅㅡ,0
ㄱㅗㅇㅈㅣㅅㅏㅎㅇㅏ,2
ㅋㅁㅓㅠㄴㅣㅌㅣ,2
ㅇㅣㄴㅔㄱㅅㅕㄴ,1
ㅂㅐㄷㄱㅗㅇㅓ,1
ㄱㅖㅈㅇㄱㅘㄴㄹㅣ,0
ㄲㅗㅇㅈㅣㅅㅏㅎㅏㅇ,2
ㅈㅓㅇㅂㅗㅆㅜㅈㅣㅂ,1
ㅈㅓㅇㅂㅗㅅㅜㅣㅂ,1
ㅇㅣㅂㅔㄴㄴㅌㅡ,2
ㅇㅓㅂㄷㅇㅔㅣㅌㅡ,0
ㅇㅣㅔㄴㅌㅡ,2
ㄷㅔㅇㅣㅌㅓㅂㅔㅔㅇㅣㅅㅡ,0
ㅇㅏㄹㅣㅁ,2
ㅇㅏㅁㅎㅗㅗㅎㅐㄷㅗㄱ,1
ㄹㅐㄴㅆㅓㅁㅇㅞㅇㅓ,1
ㄷㅔㅇㅣㅌㅓㅓㅇㅠㅊㅜㄹ,1
ㄱㅝㄴㅎㅏㄴㅅㅅㅏㅇㅅㅡㅇ,1
ㄱㅔㅅㅣㅍㅏㄹ,2
ㄷㅗㅜㅇㅁㅁㅏㄹ,2
ㅎㅘㄴㄱㅕㅇㅅㅕㄹㅈㅓㅇ,0
ㅂㅐㄱㄷㅗㅓ,1
ㄱㅘㄴㄹㄹㅣㅈㅏ,0
ㅇㅓㄷㅡㅁㅣㄹ,0
ㄱㅖㅖㅈㅓㅇㄱㅘㄴㄹㅣ,0
ㅋㅓㅁㅠㅣㅌㅣ,2
ㄷㅇㅗㄱㅣㅎㅘ,0
ㄱㅖㅈㅓㄱㅇㅘㄴㄹㅣ,0
ㅂㅏㅇㄹㅓㅅㅡ,1
ㅋㅣㄹㅗㄱㅇ,1
ㅈㅏㄱㄱㅅㅓㅇㅎㅏㄱㅣ,2
ㅎㅘㄴㅕㄱㅇㅅㅓㄹㅈㅓㅇ,0
ㅇㅓㅓㄷㅡㅁㅣㄴ,0
ㅉㄱㅈㅣ,2
ㅌㅡㄹㅗㅇㅇㅣㅁㅗㄱㅁㅏ,1
ㅇㅣㄴㅡㅇ,0
ㅅㅡㅇㅇㄴ,0
ㅇㅏㄱㅅㅓㅇㅗㅋㄷㅡ,1
ㄱㅔㅆㅣㅍㅏㄴ,2
ㅂㄱㄷㅗㅇㅓ,1
ㅁㅜㅊㅏㅂㅕㄹㄷㅇㅐㅣㅂ,1
ㅋㅓㅁㅠㄴㅌㅣ,2
ㅇㅏㅎㅁㅗㅎㅐㄷㅗㄱ,1
ㅎㅘㄴㄱㅕㅇㅓㄹㅈㅓㅇ,0
ㅁㅜㅏㅊㅂㅕㄹㄷㅐㅇㅣㅂ,1
ㄷㅗㅇㄱㄱㅣㅎㅘ,0
ㅁㅜㄴㅢㅇㅅㅏㅎㅏㅇ,2
ㄷㅗㅗㅇㄱㅣㅎㅘ,0
ㄱㅓㅁㅅㅐㄲ,2
ㅁㅜㄴㅇㅢㅅㅏㅎㅎㅏㅇ,2
ㅌㅏㅊㄹㅟ,1
ㅋㅓㅁㅠㅣㄴㅌㅣ,2
ㄹㅐㄴㅅㅓㅁㅇㅞㅇㅕ,1
ㄷㅔㅇㅣㅌㅂㅔㅇㅣㅅㅡ,0
ㄹㅣㅂㅓㅡㅅㅖㄹ,1
ㅇㅣㄱㅅㅡㅍㅡㅡㄹㄹㅗㅇㅣㅅ,1
ㅇㅣㄱㅅㅡㅍㅡㄹㄹㅗㅣㅇㅅ,1
ㅇㅏㄱㅓㅅㅇㅋㅗㄷㅡ,1
ㅂㅐㄱㄷㅗㅇㅓ,1
ㅎㅐㅋㅣㅣㅇ,1
ㅋㅓㅓㅁㅠㄴㅣㅌㅣ,2
ㅈㅏㄱㅅㅓㅇㅎㅏㅏㄱㅣ,2
ㅇㅓㅡㄷㅁㅣㄴ,0
ㅇㅣㅂㅔㅌㄴㅡ,2
ㅂㅐㄱㄷㅗㅇㅕ,1
ㅈㅏㄱㅅㅅㅓㅇㅎㅏㄱㅣ,2
ㄹㅐㄴㅅㅓㅁㅇㅇㅓ,1
ㅋㅓㅁㅠㄴㅣㅌㅣ,2
ㅂㅐㅐㄱㄷㅗㅇㅓ,1
ㄱㅔㅣㅍㅏㄴ,2
ㅁㅕㅇㄹㅕㅇㅈㅔㅇㅇㅓ,1
ㄱㅝㄴㅎㅏㄴㅏㅇㅅㅡㅇ,1
ㅇㅂㄷㅔㅇㅣㅌㅡ,0
ㄷㅗㅇㅜㅁㅁㄹㅏ,2
ㅊㅌㅣㅇ,2
ㅂㅏㅇㅣㄹㅕㅅㅡ,1
ㅇㅏㅁㅎㅗㅎㄷㅗㄱ,1
ㅍㅔㅇㅣㅗㄷㅡ,1
ㄱㅗㅇㄱㄱ,1
ㅅㅣㅡㅌㅔㅁ,0
ㄷㅗㅇㄱㅣㅣㅎㅘ,0
ㅅㅡㅋㅡㄹㅣㅌㅡ,1
ㅅㅏㅇㅇㅛㅈㅏ,2
ㄱㅗㅇㅇㅈㅣㅅㅏㅎㅏㅇ,2
ㄱㅔㅅㅣㅍㄴㅏ,2
ㅇㅏㄱㅅㅅㅓㅇㅋㅗㄷㅡ,1
ㄱㅘㄴㄹㅣㅈㅑ,0
ㅋㅓㅁㅠㅠㄴㅣㅌㅣ,2
ㅍㅔㅇㅣㅣㄹㅗㄷㅡ,1
ㄹㅐㄴㅓㅅㅁㅇㅞㅇㅓ,1
ㅇㅏㄹㅣㄹㅁ,2
ㅁㅏㅇㅣㅍㅔㅇㅣㅣㅈㅣ,2
ㅍㄹㅡㅗㅍㅣㄹ,2
ㅋㅓㅁㅠㄴㄴㅣㅌㅣ,2
ㅈㅓㅇㅂㅗㅅㅜㅈㅣㅃ,1
ㅎㅘㄴㄱㅕㅇㅅㅓㄹㄹㅈㅓㅇ,0
ㄱㅇㄱㅕㄱ,1
ㅌㅡㄹㅗㅇㅣㅗㅁㄱㅁㅏ,1
ㅊㅣㄴㅜㄱㅊㅜㄱㅏ,2
ㅇㅏㄱㅅㅓㅇㅋㅗㄷㅡ,1
ㄷㅐㅅㅣㅂㅂㅗㄷㅡ,0
ㄹㅗㅡㄱㅇㅣㄴ,0
ㅇㅣㄱㅅㅡㅡㅍㄹㄹㅗㅇㅣㅅ,1
ㅋㅣㄹㅗㄲㅣㅇ,1
ㅁㅜㅊㅏㅂㅕㄹㄷㅐㅇㅇㅣㅂ,1
ㄲㅗㅇㄱㅕㄱ,1
ㅇㅑㅁㅎㅗㅎㅐㄷㅗㄱ,1
ㄱㅓㅁㅅㅐㅐㄱ,2
ㅂㅏㅇㅣㄹㅓㅆㅡ,1
ㅊㅟㅑㄱㅈㅓㅁ,1
ㅇㅏㅁㅗㅎㅎㅐㄷㅗㄱ,1
ㅎㅘㄴㄱㅕㅇㅇㅅㅓㄹㅈㅓㅇ,0
ㅇㅣㄴㅈㅡㅇ,0
ㅇㅓㅂㄷㅔㅇㅇㅣㅌㅡ,0
ㅇㅣㅂㅔㄴㅡㅌ,2
ㅁㅜㅜㄴㅇㅢㅅㅏㅎㅏㅇ,2
ㅅㅡㅋㅡㄹㅣㅂㅌㅡ,1
ㅅㅡㅋㅡㄹㅣㅂㅡㅌ,1
ㄱㅇㅗㄱㅕㄱ,1
ㅌㅡㄹㅗㅣㅇㅁㅗㄱㅁㅏ,1
ㄱㅖㅈㅓㅇㄱㅘㄴㅣㄹ,0
ㅅㅏㅇㅛㅇㅈㅑ,2
ㄱㅝㅝㄴㅎㅏㄴㅅㅏㅇㅅㅡㅇ,1
ㅉㅗㄱㅣ,2
ㅅㅡㅇㅇㅇㅣㄴ,0
ㅇㅣㄴㅈㅈㅡㅇ,0
ㅇㅏㄹㄹㅣㅁ,2
ㅊㅣㄴㄱㅜㅊㄱㅜㅏ,2
ㅌㅏㄹㅟㅊ,1
ㅋㅓㅠㅁㄴㅣㅌㅣ,2
ㅇㅣㄱㅅㅡㅍㄹㅡㄹㅗㅇㅣㅅ,1
ㅊㅐㅣㅇ,2
ㅍㅡㄹㅍㅗㅣㄹ,2
ㅇㅓㅓㅂㄷㅔㅇㅣㅌㅡ,0
ㅎㅘㄴㄱㅕㅇㅅㅅㅓㄹㅈㅓㅇ,0
ㅇㅓㅃㄷㅔㅇㅣㅌㅡ,0
ㅆㅣㅅㅡㅌㅔㅁ,0
ㅍㅡㄹㅗㅍㄹ,2
ㄷㅔㅣㅇㅌㅓㅇㅠㅊㅜㄹ,1
ㄹㅗㄱㄱㅡㅇㅣㄴ,0
ㅁㅜㅏㅂㅕㄹㄷㅐㅇㅣㅂ,1
ㅂㅏㅇㅣㅣㄹㅓㅅㅡ,1
ㅊㅐㅌㅣㅇ,2
ㄱㅗㅇㅕㄱ,1
ㅈㅏㄱㅅㅓㅎㅏㄱㅣ,2
ㅇㅣㄱㅅㅍㅡㄹㄹㅗㅇㅣㅅ,1
ㅅㅡㅋㅡㄹㅂㅣㅌㅡ,1
ㄴㅔㅌㅡㅝㅇㅋㅡ,0
ㄷㅗㅇㄱㅎㅣㅘ,0
ㄱㅘㄴㄹㅣㅣㅈㅏ,0
ㅁㅏㅇㅣㅍㅍㅔㅇㅣㅈㅣ,2
ㅇㅑㄹㄹㅣㅁ,2
ㅎㅐㅐㅋㅣㅇ,1
ㅇㅏㄱㅅㅓㅇㅋㄷㅗㅡ,1
ㄷㅔㅣㅌㅓㅂㅔㅇㅣㅅㅡ,0
ㄷㅗㅇㄱㅣㅎㅎㅘ,0
ㅆㅏㅇㅛㅇㅈㅏ,2
ㄹㄴㅐㅅㅓㅁㅇㅞㅇㅓ,1
ㄱㅁㅅㅐㄱ,2
ㄱㅖㅈㅓㅇㄱㅘㄹㄴㅣ,0
ㄷㅇㅔㅣㅌㅓㅂㅔㅇㅣㅅㅡ,0
ㄷㅔㅇㅣㅌㅓㅂㅔㅇㅣㅡ,0
ㅌㅏㄹㅟ,1
ㅁㅇㅣㅍㅔㅇㅣㅈㅣ,2
ㅍㅔㅇㅣㄹㅗㄷㅡ,1
ㄷㅅㅐㅣㅂㅗㄷㅡ,0
ㄸㅐㅅㅣㅂㅗㄷㅡ,0
ㄹㅣㅓㅂㅅㅡㅅㅖㄹ,1
ㄷㅗㅇㄲㅣㅎㅘ,0
ㄷㅔㅇㅌㅓㅂㅔㅇㅣㅅㅡ,0
ㄷㅔㅇㅣㅣㅌㅓㅂㅔㅇㅣㅅㅡ,0
ㅁㅜㅊㅏㅂㅕㄹㄷㅐㅇㅣㅃ,1
ㄹㅣㅂㅕㅅㅡㅅㅖㄹ,1
ㅁㅇㄹㅕㅇㅈㅔㅇㅓ,1
ㄷㅔㅇㅣㅌㅓㅇㅠㅊㅊㅜㄹ,1
ㅂㅏㅇㅣㄹㅓㅅㅅㅡ,1
ㅁㅇㅏㅣㅍㅔㅇㅣㅈㅣ,2
ㅊㅟㅇㅑㅈㄱㅓㅁ,1
ㅅㅡㅡㄹㅣㅂㅌㅡ,1
ㄷㅔㅣㅌㅓㅇㅠㅊㅜㄹ,1
ㄷㅔㅇㅣㅌㅓㅂㅔㅣㅇㅅㅡ,0
ㅁㄴㅜㅇㅢㅅㅏㅎㅏㅇ,2
ㅊㅣㄴㄱㅜㅊㅊㅜㄱㅏ,2
ㅋㅣㄹㅗㄱㅣㅇ,1
ㅁㅜㅊㅏㅂㅕㄹㄷㅐㅇㅣㅣㅂ,1
ㅈㅓㅇㅃㅗㅅㅜㅈㅣㅂ,1
ㅁㅜㄴㅇㅢㅅㅅㅏㅎㅏㅇ,2
ㅎㅘㄹㄱㅕㅇㅅㅓㄹㅈㅓㅇ,0
ㄱㅝㄴㅎㅏㄴㅅㅏㅇㅡㅅㅇ,1
ㅇㅣㅣㄱㅅㅡㅍㅡㄹㄹㅗㅇㅣㅅ,1
ㄷㅇㅗㅜㅁㅁㅏㄹ,2
ㄹㅐㄴㅅㅓㅁㅇㅞㅇㅓ,1
ㄱㅗㅇㄲㅕㄱ,1
ㅇㅏㅁㅎㅎㅗㅐㄷㅗㄱ,1
ㅌㅡㅗㅇㅣㅁㅗㄱㅁㅏ,1
ㄱㅝㄴㅎㅏㄴㅅㅏㅇㅅㅇ,1
ㅍㅡㅗㅍㅣㄹ,2
ㅎㅘㄴㄱㅕㅇㅅㅓㄹㅉㅓㅇ,0
ㅇㅏㅁㅎㅗㅎㅐㄸㅗㄱ,1
ㅌㅏㄹㅊㅊㅟ,1
ㄷㅗㅇㅜㅁㅁㅁㅏㄹ,2
ㄱㅘㄹㅣㅈㅏ,0
ㄷㅔㅇㅣㅌㅓㅂㅇㅔㅣㅅㅡ,0
ㄷㅔㅇㅣㅌㅌㅓㅂㅔㅇㅣㅅㅡ,0
ㅇㅣㄴㄴㅈㅔㄱㅅㅕㄴ,1
ㅁㅜㄴㅇㅢㅆㅏㅎㅏㅇ,2
ㅇㅏㄱㅅㅓㅇㅇㅋㅗㄷㅡ,1
ㅇㅣㅃㅔㄴㅌㅡ,2
ㅇㅏㅁㅎㅗㅐㄷㅗㄱ,1
ㄱㅁㅓㅅㅐㄱ,2
ㅁㅏㅇㅣㅔㅍㅇㅣㅈㅣ,2
ㄱㅓㅓㅁㅅㅐㄱ,2
ㅈㅓㅂㅅㅗㄲ,0
ㄷㅔㅇㅣㅌㅓㅂㅔㅇㅅㅡ,0
ㄱㅗㅇㅇㄱㅕㄱ,1
ㅁㅜㄴㅢㅅㅏㅎㅏㅇ,2
ㅁㅏㅇㅣㅍㅔㅇㅣㅉㅣ,2
ㅋㅣㄹㅗㄱㅣㅣㅇ,1
ㄹㄱㅡㅇㅣㄴ,0
ㅂㅐㄱㄱㄷㅗㅇㅓ,1
ㅎㅋㅐㅣㅇ,1
ㄱㅔㅅㅣㅏㄴ,2
ㅁㄱㅗㄹㅗㄱ,2
ㅇㅣㄱㅅㅡㅍㅡㄹㄹㅗㅇㅣㅣㅅ,1
ㅅㅓㄹㄹㅈㅓㅇ,0
ㅈㅏㄱㅅㅓㅇㅏㅎㄱㅣ,2
ㅇㅣㄱㅅㅅㅡㅍㅡㄹㄹㅗㅇㅣㅅ,1
ㄱㄴㅎㅏㄴㅅㅏㅇㅅㅡㅇ,1
ㄹㅣㅃㅓㅅㅡㅅㅖㄹ,1
ㅋㅓㅁㅠㄴㅣㅣㅌㅣ,2
ㅉㅗㄱㅣㅈ,2
ㅂㅏㅇㅣㅓㅅㅡ,1
ㄱㅘㄴㅣㄹㅈㅏ,0
ㅈㅓㅇㅂㅗㅅㅈㅜㅣㅂ,1
ㄱㅗㅇㅣㅅㅏㅎㅏㅇ,2
ㄴㅔㅡㅇㅝㅋㅡ,0
ㅁㅕㅇㄹㅕㅇㅈㅔㅇㅓ,1
ㅎㅘㄴㄱㅕㅇㅆㅓㄹㅈㅓㅇ,0
ㅍㅔㅇㅣㄹㅗㅗㄷㅡ,1
ㄹㅣㅣㅂㅓㅅㅡㅅㅖㄹ,1
ㄷㅔㅇㅣㅌㅓㅃㅔㅇㅣㅅㅡ,0
ㅋㅣㄹㅗㅗㄱㅣㅇ,1
ㅋㅣㄹㄱㅣㅇ,1
ㄹㅐㅐㄴㅅㅓㅁㅇㅞㅇㅓ,1
ㅁㅗㄱㅗㄱ,2
ㅅㅣㅅㅡㅔㅌㅁ,0
ㄹㅐㅅㄴㅓㅁㅇㅞㅇㅓ,1
ㅁㅏㅇㅣㅍㅇㅔㅣㅈㅣ,2
ㄷㅔㅇㅣㅓㅌㅂㅔㅇㅣㅅㅡ,0
ㅁㅜㄴㅇㅢㅢㅅㅏㅎㅏㅇ,2
ㅇㅓㅂㄷㅔㅇㅣㅡㅌ,0
ㅅㅡㅋㅡㄹㅣㅃㅌㅡ,1
ㅂㅇㅣㄹㅓㅅㅡ,1
ㅁㅜㅊㅊㅏㅂㅕㄹㄷㅐㅇㅣㅂ,1
ㄱㅓㅁㅐㄱ,2
ㄱㅗㅇㅈㅣㅣㅅㅏㅎㅏㅇ,2
ㄷㅗㅇㅜㅁㅁㄹ,2
ㅇㅣㅂㅔㄴㅌㅌㅡ,2
ㅎㅐㅋㅋㅣㅇ,1
ㄴㅔㅌㅡㅝㅋㅡ,0
ㄱㅗㅇㅕㄱㄱ,1
ㅇㅣㅣㅂㅔㄴㅌㅡ,2
ㅅㅏㅇㅛㅇㅈㅈㅏ,2
ㄹㅜㅡㅌㅋㅣㅅ,1
ㅍㅡㄹㅗㅗㅍㅣㄹ,2
ㄴㅔㅌㅡㅇㅝㅡ,0
ㄱㅖㅈㅕㅇㄱㅘㄴㄹㅣ,0
ㅊㅐㅌㅇㅣ,2
ㅁㅏㅇㅣㅍㅔㅣㅈㅣ,2
ㅁㅜㅊㅏㅂㅕㄹㄷㅐㅣㅂ,1
ㄱㅔㅣㅅㅍㅏㄴ,2
ㅇㄴㅣㅈㅡㅇ,0
ㅇㅣㄱㅅㅡㅍㄹㄹㅗㅇㅣㅅ,1
ㅌㅡㄹㅗㅇㅣㅁㅗㄱㄱㅁㅏ,1
ㅇㄱㅏㅅㅓㅇㅋㅗㄷㅡ,1
ㄹㅗㄱㅡㅡㅇㅣㄴ,0
ㄹㅣㅂㅓㅅㅡㅅㅖㄹ,1
ㅇㅏㅎㅗㅎㅐㄷㅗㄱ,1
ㅎㅘㄴㄴㄱㅕㅇㅅㅓㄹㅈㅓㅇ,0
ㄹㅗㄱㅡㅇㅇㅣㄴ,0
ㅈㅓㅅㅗㄱ,0
ㅁㅜㄴㅇㅢㅅㅏㅎㅇㅏ,2
ㅎㅘㄴㄱㅕㅇㅅㅓㄹㅈㅕㅇ,0
ㄷㅗㅇㅣㄱㅎㅘ,0
ㄷㅗㅇㅇㄱㅣㅎㅘ,0
ㅁㄱㄹㅗㄱ,2
ㅇㅣㅈㄴㅔㄱㅅㅕㄴ,1
ㅊㅟㅇㅑㅈㅓㅁ,1
ㄹㅣㅂㅓㅅㅡㅅㅅㅖㄹ,1
ㅋㅓㅁㄴㅠㅣㅌㅣ,2
ㅌㄹㅗㅇㅣㅁㅗㄱㅁㅏ,1
ㄱㅗㄱㅕㄱ,1
ㅈㅏㄱㅓㅇㅎㅏㄱㅣ,2
ㅊㅐㅌㅌㅣㅇ,2
ㅇㅣㄱㅅㅡㅍㅡㄹㅗㅇㅣㅅ,1
ㄴㅔㅌㅌㅡㅇㅝㅋㅡ,0
ㅅㅓㄹㅈㅇ,0
ㅁㅜㄴㄴㅇㅢㅅㅏㅎㅏㅇ,2
ㅈㅏㄱㅅㅓㅇㅎㄱㅏㅣ,2
ㅊㅟㅇㅑㄱㅈㅓㅁ,1
ㅍㅡㄹㄹㅗㅍㅣㄹ,2
ㅋㄹㅣㅗㄱㅣㅇ,1
ㅇㅣㄱㅡㅅㅍㅡㄹㄹㅗㅇㅣㅅ,1
ㅁㅗㄱㄹㅗㄱ,2
ㅅㅕㄹㅈㅓㅇ,0
ㄷㅐㅅㅣㅂㅗㄷㅡ,0
ㄱㅗㅇㅈㅈㅣㅅㅏㅎㅏㅇ,2
ㄷㅐㅅㅣㅂㄷㅗㅡ,0
ㄴㅌㅡㅇㅝㅋㅡ,0
ㅈㅏㅅㅓㅇㅎㅏㄱㅣ,2
ㄹㅜㅌㅋㅣㅅ,1
ㅇㅏㅁㅗㅎㅐㄷㅗㄱ,1
ㅈㅇㅓㅂㅗㅅㅜㅈㅣㅂ,1
ㅇㅜㅚㅎ,1
ㄹㅗㄱㅇㅡㅣㄴ,0
ㅇㅏㄱㅅㅓㅓㅇㅋㅗㄷㅡ,1
ㅅㅡㅋㅋㅡㄹㅣㅂㅌㅡ,1
ㅁㅕㅇㄹㄹㅕㅇㅈㅔㅇㅓ,1
ㄹㅔㅌㅡㅇㅝㅋㅡ,0
ㄱㅝㄴㅎㅏㅏㄴㅅㅏㅇㅅㅡㅇ,1
ㄹㅌㅜㅡㅋㅣㅅ,1
ㄱㅖㅈㅓㅇㄱㅘㄴㄹㅣ,0
ㅈㅓㅇㅂㅂㅗㅅㅜㅈㅣㅂ,1
ㄱㅖㅓㅈㅇㄱㅘㄴㄹㅣ,0
ㅌㅡㄹㅗㅇㅣㅁㅗㅁㄱㅏ,1
ㄷㅇㅔㅣㅌㅓㅇㅠㅊㅜㄹ,1
ㅅㅏㅛㅇㅇㅈㅏ,2
ㅍㅔㅣㅇㄹㅗㄷㅡ,1
ㅈㅏㄱㅅㅕㅇㅎㅏㄱㅣ,2
ㄱㅓㅁㅁㅅㅐㄱ,2
ㅇㅣㄴㅉㅔㄱㅅㅕㄴ,1
ㄷㅐㅅㅣㅂㄷㅡ,0
ㅉㅗㄱㅈㅈㅣ,2
ㄱㅖㅈㅓㅇㄱㅘㄴㄴㄹㅣ,0
ㄱㅖㅈㅓㅇㄱㅘㅘㄴㄹㅣ,0
ㄷㅔㅇㅣㅌㅓㅂㅔㅇㅣㅅㅅㅡ,0
ㅁㅜㅊㅏㅂㅕㄹㄷㅐㅇㅂㅣ,1
ㄷㅔㅇㅌㅣㅓㅂㅔㅇㅣㅅㅡ,0
ㄹㅐㄴㄴㅅㅓㅁㅇㅞㅇㅓ,1
ㅁㅗㄱㄹㄱㅗ,2
ㅎㅘㄱㄴㅕㅇㅅㅓㄹㅈㅓㅇ,0
ㅎㅘㄴㅕㅇㅅㅓㄹㅈㅓㅇ,0
ㄱㅓㅅㅐㄱ,2
ㄲㅖㅈㅓㅇㄱㅘㄴㄹㅣ,0
ㄱㅈㅖㅓㅇㄱㅘㄴㄹㅣ,0
ㅁㅜㅊㅏㅂㄹㄷㅐㅇㅣㅂ,1
ㅇㅁㅎㅗㅎㅐㄷㅗㄱ,1
ㄱㅖㅈㅓㄱㅘㄴㄹㅣ,0
ㄱㅝㄴㅎㅏㄴㅅㅇㅏㅅㅡㅇ,1
ㅇㅏㄱㅅㅓㅇㅋㅗㄷㄷㅡ,1
ㅁㅜㅊㅏㅕㅂㄹㄷㅐㅇㅣㅂ,1
ㅅㅣㅅㅡㅌㅔㅁ,0
ㅁㅏㅇㅣㅍㅔㅇㅣㅣ,2
ㅂㅐㄱㄷㄷㅗㅇㅓ,1
ㅇㅣㄱㅅㅡㅍㅡㄹㄹㄹㅗㅇㅣㅅ,1
ㄱㅖㅈㅓㅇㄱㄴㅘㄹㅣ,0
ㅈㅏㄱㅆㅓㅇㅎㅏㄱㅣ,2
ㄴㅔㅌㅡㅇㅝㅝㅋㅡ,0
ㅇㅓㅂㅔㅇㅣㅌㅡ,0
ㅇㅏㅁㅎㅗㅎㅐㄷㄱㅗ,1
ㄹㅜㅌㅡㅣㅋㅅ,1
ㄷㅔㅇㅣㅓㅂㅔㅇㅣㅅㅡ,0
ㄱㅗㅈㅇㅣㅅㅏㅎㅏㅇ,2
ㅅㅓㄹㅓㅈㅇ,0
ㅇㅏㄱㅆㅓㅇㅋㅗㄷㅡ,1
ㅊㅐㅌㅇ,2
ㅇㅓㄷㅡㅁㄴ,0
ㅇㅣㅈㅡㅇ,0
ㅌㅏㅏㄹㅊㅟ,1
ㅅㅏㅛㅇㅈㅏ,2
ㅌㅏㄹㅊㅟ,1
ㄹㅣㅂㅓㅅㅅㅡㅅㅖㄹ,1
ㅈㅓㅂㅅㅅㅗㄱ,0
ㄹㅐㄴㅅㅕㅁㅇㅞㅇㅓ,1
ㅇㅣㄴㅈㄱㅅㅕㄴ,1
ㄷㅔㅇㅣㅌㅓㅇㅠㅊㄹㅜ,1
ㅅㅂㅓㅓ,0
ㅇㅓㅂㄷㄷㅔㅇㅣㅌㅡ,0
ㅇㅓㅂㄷㅔㅣㅇㅌㅡ,0
ㅅㅣㅅㅌㅡㅔㅁ,0
ㅅㅏㅇㅛㅇㅉㅏ,2
ㄷㅔㅇㅣㅌㅌㅓㅇㅠㅊㅜㄹ,1
ㄷㅔㅇㅣㅌㅓㅇㅠㅜㅊㄹ,1
ㅇㅣㄱㄱㅅㅡㅍㅡㄹㄹㅗㅇㅣㅅ,1
ㄹㅐㄴㅅㅓㅁㅇㅞㅓ,1
ㅅㄹㅓㅈㅓㅇ,0
ㅂㅐㄱㄷㅇㅗㅓ,1
ㅊㅟㅇㄱㅑㅈㅓㅁ,1
ㄷㅐㅅㅣㅂㅗㅡㄷ,0
ㅁㅏㅇㅣㅍㅔㅇㅣㅣㅈ,2
ㅌㅡㄹㅗㅇㅁㅣㅗㄱㅁㅏ,1
ㅊㅣㄴㄱㅜㅊㅜㄱㅑ,2
ㅁㅏㅇㅣㅍㅔㅣㅇㅈㅣ,2
ㅁㅕㅇㄹㅕㅇㅈㅔㅔㅇㅓ,1
ㄴㅌㅔㅡㅇㅝㅋㅡ,0
ㅇㅓㄷㅂㅔㅇㅣㅌㅡ,0
ㄹㅐㄴㅅㅓㅁㅇㅞㅇㅇㅓ,1
ㄷㅔㅇㅣㅣㅌㅓㅇㅠㅊㅜㄹ,1
ㅇㅣㄴㅈㅔㄱㅅㅕㄴ,1
ㅌㅡㄹㅇㅗㅣㅁㅗㄱㅁㅏ,1
ㄴㅔㅔㅌㅡㅇㅝㅋㅡ,0
ㄷㅇㅜㅁㅁㅏㄹ,2
ㄱㅗㅇㅈㅣㅅㅏㅏㅇ,2
ㅇㅣㄴㅈㅔㄲㅅㅕㄴ,1
ㅈㅓㅂㅗㄱ,0
ㅇㄷㅓㅡㅁㅣㄴ,0
ㅁㅜㅊㅏㅂㄹㅕㄷㅐㅇㅣㅂ,1
ㅇㅓㅂㄷㅔㅇㅌㅡ,0
ㅇㅣㄴㅈㅔㄱㅕㅅㄴ,1
ㅂㅏㅇㅣㄹㅓㅓㅅㅡ,1
ㅇㅣㄴㅈㅡㅡㅇ,0
ㅉㅗㅗㄱㅈㅣ,2
ㅎㅘㄴㄱㅕㅇㅅㅓㅈㅓㅇ,0
ㅂㅏㅇㅣㄹㅅㅡ,1
ㅎㅘㄴㄱㅕㅇㅓㅅㄹㅈㅓㅇ,0
ㅅㅏㅇㅛㅈㅏ,2
ㅎㅐㅋㅇ,1
ㅎㅘㄴㄱㄱㅕㅇㅅㅓㄹㅈㅓㅇ,0
ㅁㅏㅇㅣㅍㅔㅇㅇㅣㅈㅣ,2
ㅈㅏㄱㅅㅓㅓㅇㅎㅏㄱㅣ,2
ㅎㅘㄴㄱㅕㅇㅅㅓㅓㄹㅈㅓㅇ,0
ㅈㅓㅇㅂㅗㅅㅜㅈㅣㅣㅂ,1
ㅁㅏㅣㅇㅍㅔㅇㅣㅈㅣ,2
ㄱㄴㅘㄹㅣㅈㅏ,0
ㅎㅘㄴㄱㅕㅇㅅㅓㄹㅈㅈㅓㅇ,0
ㅅㅏㅏㅇㅛㅇㅈㅏ,2
ㅈㅏㄱㅅㅓㅇㅏㄱㅣ,2
ㄷㅔㅇㅣㅌㅓㅇㅠㅊㅜㅜㄹ,1
ㄷㅗㅇㄱㅣㅎㅘ,0
ㅋㅣㄹㄹㅗㄱㅣㅇ,1
ㅌㅡㄹㅗㅇㅣㅁㄱㅗㅁㅏ,1
ㅍㅔㅔㅇㅣㄹㅗㄷㅡ,1
ㅁㅜㄴㅇㅢㅅㅏㅏㅎㅏㅇ,2
ㄷㅗㅇㅜㅁㅁㅏㄹ,2
ㅁㅜㄴㅇㅢㅅㅏㅏㅇ,2
ㄹㅐㄴㅅㅓㅁㅞㅇㅓ,1
ㄷㅗㅇㅜㅁㅏㅁㄹ,2
ㅈㅓㅓㅇㅂㅗㅅㅜㅈㅣㅂ,1
ㅈㅓㅇㅂㅗㅅㅅㅜㅈㅣㅂ,1
ㄴㅔㅡㅌㅇㅝㅋㅡ,0
ㄱㅈㅓㅇㄱㅘㄴㄹㅣ,0
ㄱㅝㄴㅎㅏㄴㅅㅑㅇㅅㅡㅇ,1
ㄱㅔㅅㅅㅣㅍㅏㄴ,2
ㅌㅡㄹㅗㅇㅣㅗㄱㅁㅏ,1
ㅊㅟㅇㅑㅑㄱㅈㅓㅁ,1
ㅅㅓㄹㅓㅇ,0
ㅁㅗㅗㄱㄹㅗㄱ,2
ㅇㅣㅣㄴㅈㅡㅇ,0
ㅂㅏㅣㄹㅓㅅㅡ,1
ㅁㅏㅇㅍㅔㅇㅣㅈㅣ,2
ㅇㅏㅁㅎㅗㅎㅐㄷㄱ,1
ㅁㅜㅊㅏㅂㅕㄹㅐㄷㅇㅣㅂ,1
ㄱㅖㅈㅓㅇㄱㅘㄴㄹㄹㅣ,0
ㅅㅡㅋㅡㄹㅂㅌㅡ,1
ㄱㅓㅁㅅㅐㄱ,2
ㅎㅘㄴㄱㅕㅇㅅㅓㅈㄹㅓㅇ,0
ㅅㅓㅈㅓㅇ,0
ㅇㅏㅅㅓㅇㅋㅗㄷㅡ,1
ㅇㅓㅡㅁㅣㄴ,0
ㅇㅣㄴㅔㅈㄱㅅㅕㄴ,1
ㄱㅘㄴㄹㅣㅈㅏ,0
ㄱㄴㅝㅎㅏㄴㅅㅏㅇㅅㅡㅇ,1
ㅁㅑㅇㅣㅍㅔㅇㅣㅈㅣ,2
ㅅㅓㅂㅓ,0
ㄱㅝㄴㅏㅎㄴㅅㅏㅇㅅㅡㅇ,1
ㄱㅝㄴㅏㄴㅅㅏㅇㅅㅡㅇ,1
ㅍㅡㄹㅗㅍㅍㅣㄹ,2
ㄱㅔㅅㅣㅍㅏㄴ,2
ㅁㅜㅊㅏㅏㅂㅕㄹㄷㅐㅇㅣㅂ,1
ㅈㅓㅇㅂㅗㅗㅅㅜㅈㅣㅂ,1
ㅅㅡㅋㅡㅣㄹㅂㅌㅡ,1
ㄱㅖㅈㅇㅓㄱㅘㄴㄹㅣ,0
ㅈㅓㅇㅇㅂㅗㅅㅜㅈㅣㅂ,1
ㄱㅗㅇㅈㅣㅅㅏㅎㅏㅏㅇ,2
ㄱㅝㄴㅎㅏㅅㅏㅇㅅㅡㅇ,1
ㅆㅓㅂㅓ,0
ㄱㅔㅅㅣㅍㄴ,2
ㅈㅏㄱㅅㅓㅇㅎㅎㅏㄱㅣ,2
ㅅㅏㅇㅛㅇㅏ,2
ㅅㅅㅡㅌㅔㅁ,0
ㅇㅏㅁㅎㅗㅐㅎㄷㅗㄱ,1
ㅂㅐㄱㅗㄷㅇㅓ,1
ㄹㅣㅂㅓㅅㅡㅖㅅㄹ,1
ㅍㅔㅇㅣㄹㅗㅡㄷ,1
ㄷㅔㅇㅣㅌㅓㅂㅇㅣㅅㅡ,0
ㄸㅗㅇㄱㅣㅎㅘ,0
ㅂㅏㅇㅣㅓㄹㅅㅡ,1
ㅁㅕㅇㄹㅕㅇㅇㅈㅔㅇㅓ,1
ㄹㅐㅅㅓㅁㅇㅞㅇㅓ,1
ㅍㅔㅇㅣㄹㄹㅗㄷㅡ,1
ㅁㅜㅊㅏㅂㅕㄹㄸㅐㅇㅣㅂ,1
ㅅㅓㄹㅈㅈㅓㅇ,0
ㅊㅣㅣㄴㄱㅜㅊㅜㄱㅏ,2
ㅂㅏㅇㅣㄹㅓㅡ,1
ㄱㅗㅇㄱㄱㅕㄱ,1
ㄱㅅㅔㅣㅍㅏㄴ,2
ㄹㅜㅌㅌㅡㅋㅣㅅ,1
ㄷㅔㅇㅣㅌㅂㅓㅔㅇㅣㅅㅡ,0
ㅇㅂㅣㅔㄴㅌㅡ,2
ㅍㅔㅇㅣㄹㄷㅗㅡ,1
ㅈㅑㄱㅅㅓㅇㅎㅏㄱㅣ,2
ㄲㅘㄴㄹㅣㅈㅏ,0
ㅅㅡㅋㄹㅡㅣㅂㅌㅡ,1
ㅅㅓㅓㄹㅈㅓㅇ,0
ㅈㅓㅇㅂㅗㅅㅜㅈㅂㅣ,1
ㄷㅗㅇㅜㅁㅏㄹ,2
ㅁㅏㅣㅍㅔㅇㅣㅈㅣ,2
ㅌㅡㄹㅇㅣㅁㅗㄱㅁㅏ,1
ㅁㅗㄱㅗㄹㄱ,2
ㅇㅓㅂㄷㅔㅇㅣㅣㅌㅡ,0
ㅂㅐㄱㄷㅇㅓ,1
ㅊㅐㅐㅌㅣㅇ,2
ㄱㅗㅇㅈㅣㅅㅏㅎㅏㅇ,2
ㅅㅓㄹㅈㅇㅓ,0
ㄴㅔㅌㅡㅇㅋㅡ,0
ㅊㅣㄴㄱㅜㅜㄱㅏ,2
ㅇㅣㅂㅔㅔㄴㅌㅡ,2
ㅁㅜㅜㅊㅏㅂㅕㄹㄷㅐㅇㅣㅂ,1
ㄱㅖㅈㅓㅇㄱㄱㅘㄴㄹㅣ,0
ㅋㅣㅣㄹㅗㄱㅣㅇ,1
ㅁㅜㅊㅏㅂㅕㄹㄷㅐㅇㅂ,1
ㅊㅣㄴㅜㅊㅜㄱㅏ,2
ㅉㅗㄱㄱㅈㅣ,2
ㅇㅣㅅㅡㅍㅡㄹㄹㅗㅇㅣㅅ,1
ㄴㅔㅌㅇㅡㅝㅋㅡ,0
ㅊㅣㄴㄱㅜㅊㅜㄲㅏ,2
ㅈㅓㅇㅂㅗㅅㅜㅉㅣㅂ,1
ㄱㅓㅅㅁㅐㄱ,2
ㄱㅇㅗㅈㅣㅅㅏㅎㅏㅇ,2
ㅁㅜㅊㅏㅕㄹㄷㅐㅇㅣㅂ,1
ㄷㅇㅣㅌㅓㅂㅔㅇㅣㅅㅡ,0
ㅍㅡㄹㅗㅍㅣㅣㄹ,2
ㅇㅣㄱㅅㅡㅍㅡㄹㄹㅗㅇㅣㅆ,1
ㅊㅟㅇㅑㄱㄱㅈㅓㅁ,1
ㅌㅡㄹㅗㅇㅣㅁㅗㄱㅁㅏ,1
ㅈㅇㅂㅗㅅㅜㅈㅣㅂ,1
ㅋㅣㄹㅗㄱㄱㅣㅇ,1
ㄷㅗㅇㄱㅣㅘㅎ,0
ㅇㅣㄱㅅㅡㅍㅡㄹㅗㄹㅇㅣㅅ,1
ㄱㅇㅈㅣㅅㅏㅎㅏㅇ,2
ㅇㅓㄷㅡㅣㄴ,0
ㄱㅝㄴㅎㅏㄴㅅㅇㅅㅡㅇ,1
ㅇㅣㅈㅔㄱㅅㅕㄴ,1
ㄹㅣㅂㅓㅅㅡㅡㅅㅖㄹ,1
ㅇㅣㄱㅅㅡㅍㅡㄹㄹㅗㅇㅅ,1
ㅅㅣㅅㅡㅔㅁ,0
ㅈㅏㄱㅅㅓㅇㅎㅏㄱㅣ,2
ㅅㅡㅡㅋㄹㅣㅂㅌㅡ,1
ㄹㅐㄴㅅㅓㅁㅇㅇㅞㅓ,1
ㄱㅖㅈㅓㅓㅇㄱㅘㄴㄹㅣ,0
ㅇㅓㅂㄷㅔㅇㅣㅡ,0
ㅅㅅㅣㅡㅌㅔㅁ,0
ㅊㅟㅇㅑㄱㅉㅓㅁ,1
ㄹㅜㅌㅡㅋㅣㅆ,1
ㅍㅔㅇㅣㄹㅗㅡ,1
ㅎㄴㅘㄱㅕㅇㅅㅓㄹㅈㅓㅇ,0
ㅇㅓㄷㅡㅁㅣㄴ,0
ㄷㅔㅇㅇㅣㅌㅓㅂㅔㅇㅣㅅㅡ,0
ㄱㅗㅈㅣㅅㅏㅎㅏㅇ,2
ㄱㅘㄴㄹㅣㅉㅏ,0
ㄱㅓㅁㅅㄱ,2
ㄷㅔㅇㅣㅌㅓㅂㅔㅇㅅㅣㅡ,0
ㄱㅅㅣㅍㅏㄴ,2
ㅎㅘㄴㄱㅕㅕㅇㅅㅓㄹㅈㅓㅇ,0
ㅊㅣㄱㄴㅜㅊㅜㄱㅏ,2
ㅍㅔㅇㄹㅣㅗㄷㅡ,1
ㅇㅣㄴㅈㅔㅔㄱㅅㅕㄴ,1
ㄷㅔㅇㅣㅌㅓㅠㅇㅊㅜㄹ,1
ㅇㅓㅂㅔㄷㅇㅣㅌㅡ,0
ㅈㅓㅓㅂㅅㅗㄱ,0
ㄷㅗㄱㅇㅣㅎㅘ,0
ㅍㅡㄹㅗㅍㅣㄹ,2
ㅇㅏㄹㄹㅁㅣ,2
ㅍㅡㄹㅗㅣㅍㄹ,2
ㅍㅡㅡㄹㅗㅍㅣㄹ,2
ㄹㅣㅂㅓㅅㅅㅖㄹ,1
ㄱㅝㄴㅎㅏㅅㄴㅏㅇㅅㅡㅇ,1
ㄷㅔㅇㅣㅌㅇㅓㅠㅊㅜㄹ,1
ㅍㅔㅇㅣㅗㄹㄷㅡ,1
ㄹㅜㅌㅡㅣㅅ,1
ㄱㅝㄴㅎㅏㄴㅅㅏㅇㅅㅡㅇ,1
ㅁㅜㄴㅇㅅㅢㅏㅎㅏㅇ,2
ㅇㅣㄱㅆㅡㅍㅡㄹㄹㅗㅇㅣㅅ,1
ㄷㅔㅇㅣㅌㅓㅇㅠㅠㅊㅜㄹ,1
ㅇㅣㄴㅈㅔㄱㅆㅕㄴ,1
ㅁㅜㅊㅏㅂㅕㄹㄷㅐㅇㅣㅂ,1
ㄷㅔㅇㅣㅌㅓㅂㅔㅇㅣㅡㅅ,0
ㅇㅣㄴㅈㅔㄱㅅㅕㄹ,1
ㅇㅣㅅㄱㅡㅍㅡㄹㄹㅗㅇㅣㅅ,1
ㅊㅟㅇㅑㄱㅈㅕㅁ,1
ㄷㅔㅇㅣㅌㅕㅂㅔㅇㅣㅅㅡ,0
ㄷㅔㅇㅣㅌㅓㅇㅊㅠㅜㄹ,1
ㅍㅡㅗㄹㅍㅣㄹ,2
ㄱㅖㅓㅇㄱㅘㄴㄹㅣ,0
ㅃㅏㅇㅣㄹㅓㅅㅡ,1
ㄷㅐㅅㅅㅣㅂㅗㄷㅡ,0
ㅈㅏㄲㅅㅓㅇㅎㅏㄱㅣ,2
ㅇㅓㄷㅁㅡㅣㄴ,0
ㅂㅏㅏㅇㅣㄹㅓㅅㅡ,1
ㄷㅐㅅㅣㅃㅗㄷㅡ,0
ㅅㅡㅋㅡㄹㅣㅌㅂㅡ,1
ㅈㅕㅂㅅㅗㄱ,0
ㄱㅝㄴㅎㅎㅏㄴㅅㅏㅇㅅㅡㅇ,1
ㅊㅟㅇㅑㄱㅈㅁ,1
ㅎㅘㄴㄱㅕㅇㅅㅓㄹㅓㅈㅇ,0
ㅈㅓㅂㅗㅅㄱ,0
ㅇㅣㄹㅈㅔㄱㅅㅕㄴ,1
ㅇㅏㄱㅅㅓㅇㅋㅗㅡㄷ,1
ㅁㅜㄴㅇㅢㅅㅏㅏㅎㅇ,2
ㅅㅣㅅㅅㅡㅌㅔㅁ,0
ㅈㅓㅇㅂㅅㅜㅈㅣㅂ,1
ㄱㅝㄴㅎㄴㅏㅅㅏㅇㅅㅡㅇ,1
ㄹㅐㄴㅅㅅㅓㅁㅇㅞㅇㅓ,1
ㅂㅏㅇㅣㄹㅅㅓㅡ,1
ㄷㅅㅣㅂㅗㄷㅡ,0
ㅇㅏㅁㅎㅗㅎㄷㅐㅗㄱ,1
ㅇㅓㅂㄷㅔㅣㅌㅡ,0
ㄷㅔㅇㅣㅓㅇㅠㅊㅜㄹ,1
ㄷㅗㅇㅁㅜㅁㅏㄹ,2
ㅍㅇㅔㅣㄹㅗㄷㅡ,1
ㅍㅔㅇㄹㅗㄷㅡ,1
ㅅㅓㄹㅈㅓㅓㅇ,0
ㅈㅏㄱㅓㅅㅇㅎㅏㄱㅣ,2
ㅇㅏㄱㅓㅇㅋㅗㄷㅡ,1
ㄴㅔㅌㅇㅝㅋㅡ,0
ㄹㅣㅂㅅㅓㅡㅅㅖㄹ,1
ㅁㅕㄹㅇㅕㅇㅈㅔㅇㅓ,1
ㅁㅏㅏㅇㅣㅍㅔㅇㅣㅈㅣ,2
ㅅㅣㅅㅡㅌㅌㅔㅁ,0
ㅎㅘㅘㄴㄱㅕㅇㅅㅓㄹㅈㅓㅇ,0
ㅇㅏㅁㅎㅗㅎㅐㅗㄷㄱ,1
ㅇㅣㄴㅈㅔㅅㄱㅕㄴ,1
ㅇㅣㄴㅈㅔㄱㅅㄴ,1
ㅁㅜㅊㅑㅂㅕㄹㄷㅐㅇㅣㅂ,1
ㄷㅔㅇㅣㅌㅓㅇㅠㅊㄹ,1
ㅍㅔㅇㅣㄹㄷㅡ,1
ㄷㅔㅔㅇㅣㅌㅓㅂㅔㅇㅣㅅㅡ,0
ㄹㅗㄱㅡㅇㅣㅣㄴ,0
ㅇㅏㄱㅅㅓㅇㅋㅗㄸㅡ,1
ㅅㅓㄹㅉㅓㅇ,0
ㅎㅘㄴㄱㅇㅕㅅㅓㄹㅈㅓㅇ,0
ㅇㅓㅂㅂㄷㅔㅇㅣㅌㅡ,0
ㄷㅗㅇㅜㅜㅁㅁㅏㄹ,2
ㄷㅐㅆㅣㅂㅗㄷㅡ,0
ㅇㅓㄷㅡㅁㅁㅣㄴ,0
ㅈㅏㄱㅅㅓㅇㅎㅑㄱㅣ,2
ㄹㅗㄲㅡㅇㅣㄴ,0
ㅁㅗㄲㄹㅗㄱ,2
ㅅㅂㅓ,0
ㄷㅐㅅㅣㅂㅗㄷㄷㅡ,0
ㅊㅌㅐㅣㅇ,2
ㅌㅡㄹㄹㅗㅇㅣㅁㅗㄱㅁㅏ,1
ㄷㅗㄱㅣㅎㅘ,0
ㅂㅇㅏㅣㄹㅓㅅㅡ,1
ㄱㅝㅎㄴㅏㄴㅅㅏㅇㅅㅡㅇ,1
ㅇㅣㄴㅈㅔㄱㅅㅕㅕㄴ,1
ㄱㅝㄴㅎㅏㄴㅏㅅㅇㅅㅡㅇ,1
ㅅㅓㅂㅂㅓ,0
ㄷㅔㅇㅣㅌㅓㅇㅇㅠㅊㅜㄹ,1
ㄱㅘㄹㄹㅣㅈㅏ,0
ㄹㅐㄴㅅㅓㅁㅁㅇㅞㅇㅓ,1
ㄲㅓㅁㅅㅐㄱ,2
ㅇㅏㅏㄱㅅㅓㅇㅋㅗㄷㅡ,1
ㄸㅗㅇㅜㅁㅁㅏㄹ,2
ㅋㅓㅁㅠㄴㅣㅣㅌ,2
ㅁㅜㅊㅏㅂㅕㄹㅐㅇㅣㅂ,1
ㄱㅔㅅㅣㅍㅍㅏㄴ,2
ㅁㅕㅇㄹㅕㅇㅈㅔㅇㅕ,1
ㅋㅓㅠㄴㅣㅌㅣ,2
ㅈㅓㅇㅂㅗㅅㅜㅈㅂ,1
ㅇㅓㄷㅡㅡㅁㅣㄴ,0
ㅅㅣㅅㅡㅌㅔㅔㅁ,0
ㅇㅣㄴㅈㅇㅡ,0
ㅇㅏㄹㄹㅁ,2
ㅋㅣㄹㅗㅣㄱㅇ,1
ㅅㅓㅂㅕ,0
ㄱㅝㄴㅎㅏㄹㅅㅏㅇㅅㅡㅇ,1
ㄱㅗㅇㅈㅅㅣㅏㅎㅏㅇ,2
ㅅㅡㅇㅇㅣㅣㄴ,0
ㅇㅏㄱㅅㅓㅇㅋㅗㅡ,1
ㄱㅝㄴㅎㅏㄴㅅㅏㅏㅇㅅㅡㅇ,1
ㅁㅗㄱㄹㄱ,2
ㅊㅣㄴㄱㅊㅜㅜㄱㅏ,2
ㄷㅇㄱㅣㅎㅘ,0
ㅎㅘㄴㄱㅕㅅㅓㄹㅈㅓㅇ,0
ㄱㅗㅗㅇㅈㅣㅅㅏㅎㅏㅇ,2
ㄱㅗㅇㅈㅣㅅㅏㅎㅇ,2
ㅇㅏㄱㅅㅕㅇㅋㅗㄷㅡ,1
ㅁㅏㅇㅣㅔㅇㅣㅈㅣ,2
ㅉㅗㅈㄱㅣ,2
ㅊㅣㄴㄱㅜㅊㅜㅏㄱ,2
ㅂㅐㄷㅗㅇㅓ,1
ㅂㅏㅇㅇㅣㄹㅓㅅㅡ,1
ㄹㅣㅓㅅㅡㅅㅖㄹ,1
ㅋㅓㅁㅁㅠㄴㅣㅌㅣ,2
ㄱㅝㄴㅎㅏㄴㄴㅅㅏㅇㅅㅡㅇ,1
ㅌㅡㄹㅗㅣㅁㅗㄱㅁㅏ,1
ㅇㅏㅁㅎㅗㅎㅐㅗㄱ,1
ㅂㅏㅇㅣㄹㅓㅡㅅ,1
ㅉㅗㄱㅉㅣ,2
ㅁㅜㅊㅏㅂㅂㅕㄹㄷㅐㅇㅣㅂ,1
ㅁㅜㅇㄴㅢㅅㅏㅎㅏㅇ,2
ㅇㅣㄱㅅㅡㅍㅡㄹㄹㅗㅗㅇㅣㅅ,1
ㄷㅐㅅㅣㅂㅗㅡ,0
ㅇㅏㅁㅎㅗㅎㅐㄷㅗㅗㄱ,1
ㄱㅘㄴㄴㄹㅣㅈㅏ,0
ㅇㅣㅣㄴㅈㅔㄱㅅㅕㄴ,1
ㅎㅋㅣㅇ,1
ㅊㅟㅇㄱㅈㅓㅁ,1
ㄷㅐㅅㅣㅂㅗㅗㄷㅡ,0
ㅁㅕㅇㄹㅕㅇㅈㅇㅓ,1
ㅅㅏㅇㅛㅇㅏㅈ,2
ㅅㅣㅅㅡㅌㅁㅔ,0
ㅊㅣㄱㅜㅊㅜㄱㅏ,2
ㄴㅔㅌㅡㅇㅋㅝㅡ,0
ㅊㅟㅇㅑㄲㅈㅓㅁ,1
ㅈㅓㅂㅅㅗㄱ,0
ㄱㅗㅇㄱㄱㅕ,1
ㅅㅓㅓㅂㅓ,0
ㄹㅐㄴㅅㅓㅁㅇㅇㅞㅇㅓ,1
ㅈㅓㅂㅅㄱ,0
ㄱㅘㄴㄹㅈㅣㅏ,0
ㄹㅐㄴㅅㅁㅓㅇㅞㅇㅓ,1
ㄴㅔㅌㅡㅡㅇㅝㅋㅡ,0
ㅎㅘㄴㄱㅕㅇㅅㅓㄹㅈㅓㅇ,0
ㅇㅓㄷㅡㅁㅣㅣㄴ,0
ㄹㅣㅂㅓㅅㅡㅅㄹㅖ,1
ㄹㅐㄴㅅㅁㅇㅞㅇㅓ,1
ㄹㅐㄴㅅㅓㅇㅁㅞㅇㅓ,1
ㅊㅣㄴㄱㅜㅜㅊㄱㅏ,2
ㄷㅔㅇㅣㅌㅇㅠㅊㅜㄹ,1
ㅂㅐㄱㄷㅗㅇㅇㅓ,1
ㅁㅜㄴㅇㅢㅏㅅㅎㅏㅇ,2
ㅅㅡㅡㅋㅡㄹㅣㅂㅌㅡ,1
ㅇㅏㄱㅅㅓㅋㅇㅗㄷㅡ,1
ㅇㅣㄴㅡㅈㅇ,0
ㅋㅣㅗㄱㅣㅇ,1
ㅎㅐㅋㅇㅣ,1
ㄹㅗㅡㅇㅣㄴ,0
ㄱㅗㅗㅇㄱㅕㄱ,1
ㅌㅡㅡㄹㅗㅇㅣㅁㅗㄱㅁㅏ,1
ㅁㅜㅊㅏㅂㅕㄹㄷㄷㅐㅇㅣㅂ,1
ㅊㅣㄴㄲㅜㅊㅜㄱㅏ,2
ㅍㅔㅣㄹㅗㄷㅡ,1
ㅇㅣㄴㅈㅇ,0
ㅇㅓㄷㅡㅣㅁㄴ,0
ㅊㅟㅇㅑㄱㅈㅁㅓ,1
ㅅㅡㅇㅇㅣㄴ,0
ㅁㅜㄴㅇㅇㅢㅅㅏㅎㅏㅇ,2
ㅌㅡㅗㄹㅇㅣㅁㅗㄱㅁㅏ,1
ㅇㅏㄱㅅㅓㅇㅋㄷㅡ,1
ㅈㅓㅂㅅㄱㅗ,0
ㅊㅣㄴㄴㄱㅜㅊㅜㄱㅏ,2
ㅇㄱㅅㅓㅇㅋㅗㄷㅡ,1
ㅇㅏㅁㅎㅎㅐㄷㅗㄱ,1
ㄹㅌㅡㅋㅣㅅ,1
ㅇㅏㅁㅎㅗㅎㅎㅐㄷㅗㄱ,1
ㄱㅗㅇㅉㅣㅅㅏㅎㅏㅇ,2
ㄱㅔㅔㅅㅣㅍㅏㄴ,2
ㄹㅂㅣㅓㅅㅡㅅㅖㄹ,1
ㄱㅔㅅㅣㅏㅍㄴ,2
ㄴㅔㅌㅡㅇㅝㅡㅋ,0
ㄱㅕㅁㅅㅐㄱ,2
ㄱㅗㅇㅈㅣㅅㅏㅏㅎㅏㅇ,2
ㅋㅓㅁㅠㄴㅌㅣㅣ,2
ㄹㅜㅌㅡㅡㅋㅣㅅ,1
ㄱㅖㅈㅓㅇㄱㄴㄹㅣ,0
ㄷㅐㅅㅣㅣㅂㅗㄷㅡ,0
ㅂㅐㄱㅗㅇㅓ,1
ㅇㅣㄱㅅㅡㅍㅍㅡㄹㄹㅗㅇㅣㅅ,1
ㅁㅏㅇㅍㅣㅔㅇㅣㅈㅣ,2
ㅁㅜㄴㅇㅢㅅㅎㅏㅇ,2
ㅅㅡㅋㅡㅣㅂㅌㅡ,1
ㅇㄹㄹㅣㅁ,2
ㅇㅂㅓㄷㅔㅇㅣㅌㅡ,0
ㅁㅏㅇㅣㅍㅔㅇㅈㅣㅣ,2
ㄷㅔㅇㅣㅓㅌㅇㅠㅊㅜㄹ,1
ㅎㅘㄴㄱㅕㅇㅅㄹㅈㅓㅇ,0
ㅈㅓㅂㅇㅗㅅㅜㅈㅣㅂ,1
ㅇㅏㅁㅎㅗㅎㅐㄷㄷㅗㄱ,1
ㅇㅣㄱㅅㅡㅍㅡㄹㄹㅗㅣㅅ,1
ㅁㅏㅇㅣㅣㅍㅔㅇㅣㅈㅣ,2
ㅅㅇㅛㅇㅈㅏ,2
ㄱㅗㄱㅇㅕㄱ,1
ㅈㅏㄱㅅㅓㅇㅎㄱㅣ,2
ㅇㅓㄸㅡㅁㅣㄴ,0
ㄸㅔㅇㅣㅌㅓㅇㅠㅊㅜㄹ,1
ㅇㅏㅁㅁㅎㅗㅎㅐㄷㅗㄱ,1
ㅇㅓㄷㅔㅇㅣㅌㅡ,0
ㅈㅏㄱㅅㅓㅇㅎㅏㅣㄱ,2
ㅁㅜㅊㅏㅂㅕㄹㄷㅐㅐㅇㅣㅂ,1
ㅈㅓㅂㅗㅅㅜㅈㅣㅂ,1
ㅇㅏㅁㅎㅗㅎㅐㄷㅗㄲ,1
ㅈㅓㅇㅂㅅㅗㅜㅈㅣㅂ,1
ㄱㅝㄴㅎㅏㄴㅅㅏㅇㅆㅡㅇ,1
ㅎㅘㄴㄱㅕㅇㅅㅓㄹㅓㅇ,0
ㄷㅗㅜㅁㅁㅏㄹ,2
ㅈㅕㅇㅂㅗㅅㅜㅈㅣㅂ,1
ㅁㅜㅊㅏㅂㅕㄷㅐㅇㅣㅂ,1
ㄹㅐㄴㅓㅁㅇㅞㅇㅓ,1
ㄱㅘㄴㄹㅣㅈㅈㅏ,0
ㅈㅏㅅㄱㅓㅇㅎㅏㄱㅣ,2
ㅅㅡㅋㅡㄹㅣㅂㅂㅌㅡ,1
ㅇㅓㄷㄷㅡㅁㅣㄴ,0
ㅎㅐㅋㅣㅇ,1
ㅂㅏㅇㅣㄹㅓㅅㅡ,1
ㄱㅓㅁㅐㅅㄱ,2
ㄹㅣㅂㅅㅡㅅㅖㄹ,1
ㅁㅜㄴㅇㅢㅏㅎㅏㅇ,2
ㅇㅣㄴㅈㅔㄱㅅㅅㅕㄴ,1
ㄱㅖㅈㅓㅇㅘㄴㄹㅣ,0
ㅉㅓㅇㅂㅗㅅㅜㅈㅣㅂ,1
ㄱㅗㅇㅣㅈㅅㅏㅎㅏㅇ,2
ㅇㅏㄹㄹㄹㅣㅁ,2
ㄱㅗㅇㅈㅣㅅㅎㅏㅏㅇ,2
ㅈㅂㅓㅅㅗㄱ,0
ㅅㅡㅇㅣㄴ,0
ㅁㅕㄹㅕㅇㅈㅔㅇㅓ,1
ㅇㅎㅜㅚ,1
ㅌㅑㄹㅊㅟ,1
ㅇㅎㅚ,1
ㄷㅔㅇㅇㅣㅌㅓㅇㅠㅊㅜㄹ,1
ㅅㅣㅅㅡㅌㅁ,0
ㅉㅏㄱㅅㅓㅇㅎㅏㄱㅣ,2
ㅎㅘㄴㄱㅇㅅㅓㄹㅈㅓㅇ,0
ㄷㅐㅅㅣㅂㅗㄸㅡ,0
ㅊㅟㅇㅑㄱㅓㅁ,1
ㄱㅗㅇㅈㅣㅅㅎㅏㅇ,2
ㅊㅐㅣㅌㅇ,2
ㅉㅓㅂㅅㅗㄱ,0
ㅅㅏㅇㅇㅛㅇㅈㅏ,2
ㅇㅓㅂㄷㅇㅣㅌㅡ,0
ㄱㅝㄴㅎㅏㄴㅆㅏㅇㅅㅡㅇ,1
ㅇㅣㅂㅔㄴㅌㅡ,2
ㄱㅗㅇㅈㅣㅅㅏㅎㅎㅏㅇ,2
ㅈㅓㅇㅂㅗㅅㅜㅈㅣㅂ,1
ㄱㅘㄴㄹㅈㅏ,0
ㄷㅗㅗㅇㅜㅁㅁㅏㄹ,2
ㅇㅣㄴㅈㅔㅅㅕㄴ,1
ㅅㅇㅏㅛㅇㅈㅏ,2
ㅁㅏㅇㅣㅍㅔㅔㅇㅣㅈㅣ,2
ㅅㅡㅋㅡㄹㅣㅂㅡ,1
ㅁㅗㄱㄹㅗㅗㄱ,2
ㅁㅜㄴㅇㅢㅅㅏㅎㅏㅏㅇ,2
ㅇㅏㄱㅅㅓㅇㅋㅗㅗㄷㅡ,1
ㄹㅣㅂㅓㅓㅅㅡㅅㅖㄹ,1
ㄷㅐㅅㅂㅣㅗㄷㅡ,0
ㄱㅝㄴㅎㅏㄴㅅㅏㅅㅇㅡㅇ,1
ㄴㅔㅌㅡㅇㅝㅋㅡ,0
ㄷㅔㅇㅣㅌㅓㅓㅂㅔㅇㅣㅅㅡ,0
ㅊㄴㅣㄱㅜㅊㅜㄱㅏ,2
ㅇㅜㅎㅎㅚ,1
ㅁㅗㄱㄹㄹㅗㄱ,2
ㅇㅣㅔㅂㄴㅌㅡ,2
ㅇㄹㅏㄹㅣㅁ,2
ㅈㅓㅃㅅㅗㄱ,0
ㅂㅏㅣㅇㄹㅓㅅㅡ,1
ㅎㅘㄴㄱㅕㅇㅅㅓㄹㅈㅇ,0
ㅅㅡㅋㅡㄹㅣㅂㅌㅌㅡ,1
ㄹㅗㄱㅡㅇㅣㄴ,0
ㄲㅔㅅㅣㅍㅏㄴ,2
ㅇㅣㄱㅅㅡㅍㅡㄹㄹㅗㅇㅣㅅ,1
ㅌㅡㄹㅗㅇㅣㅣㅁㅗㄱㅁㅏ,1
ㄷㅗㅇㅜㅁㅁㅏㅏㄹ,2
ㅈㅂㅅㅗㄱ,0
ㄹㅣㅂㅓㅆㅡㅅㅖㄹ,1
ㅇㅏㄲㅅㅓㅇㅋㅗㄷㅡ,1
ㄷㅔㅔㅇㅣㅌㅓㅇㅠㅊㅜㄹ,1
ㅎㅘㄴㄱㅕㅅㅇㅓㄹㅈㅓㅇ,0
ㅇㅕㅂㄷㅔㅇㅣㅌㅡ,0
ㄷㅇㅣㅌㅓㅇㅠㅊㅜㄹ,1
ㅇㅏㄱㅅㅇㅓㅋㅗㄷㅡ,1
ㅁㅜㅇㅢㅅㅏㅎㅏㅇ,2
ㄹㅗㄱㅡㅇㄴㅣ,0
ㄷㅐㅅㅂㅗㄷㅡ,0
ㄷㅔㅇㅣㅌㅓㅂㅔㅣㅅㅡ,0
ㅎㅘㄴㄱㅕㅇㅅㅓㄹㅈㅇㅓ,0
ㅁㅕㅇㄹㅕㅈㅔㅇㅓ,1
ㄷㅗㅇㅣㅎㅘ,0
ㅈㅓㅂㅆㅗㄱ,0
ㅇㅏㄱㄱㅅㅓㅇㅋㅗㄷㅡ,1
ㄱㅗㅇㅈㅣㅅㅅㅏㅎㅏㅇ,2
ㅋㅣㅗㄹㄱㅣㅇ,1
ㅇㅏㅏㅁㅎㅗㅎㅐㄷㅗㄱ,1
ㄴㅔㅌㅡㅇㅇㅝㅋㅡ,0
ㅈㅓㅅㅂㅗㄱ,0
ㄱㅓㅁㅅㄱㅐ,2
ㅁㅏㅇㅇㅣㅍㅔㅇㅣㅈㅣ,2
ㅇㄴㅈㅔㄱㅅㅕㄴ,1
ㅁㅗㄹㄱㅗㄱ,2
ㅅㅣㅣㅅㅡㅌㅔㅁ,0
ㄷㅗㅇㄱㅎㅘ,0
ㅆㅡㅋㅡㄹㅣㅂㅌㅡ,1
ㅊㅣㄴㄱㅜㅜㅊㅜㄱㅏ,2
ㅁㄴㅇㅢㅅㅏㅎㅏㅇ,2
ㅅㅡㅋㅡㄹㄹㅣㅂㅌㅡ,1
ㅊㅟㅟㅇㅑㄱㅈㅓㅁ,1
ㄱㅓㅁㅅㅅㅐㄱ,2
ㅅㅕㅂㅓ,0
ㄹㅣㅂㅓㅅㅡㅅㄹ,1
ㄹㄱㅗㅡㅇㅣㄴ,0
ㅊㅣㄴㄱㅜㅊㅜㄱㅏ,2
ㄷㅐㅅㅣㅗㅂㄷㅡ,0
ㅇㅓㅂㄷㅔㅇㅣㅌㅡ,0
ㅅㅇㅡㅇㅣㄴ,0
ㅉㅗㄲㅈㅣ,2
ㅈㅓㅇㅗㅅㅜㅈㅣㅂ,1
ㅅㄹㅈㅓㅇ,0
ㅌㅡㄹㅗㅇㅣㅁㅁㅗㄱㅁㅏ,1
ㄹㅜㅌㅡㅋㅣㅣㅅ,1
ㅁㅜㅊㅏㅂㅕㄷㄹㅐㅇㅣㅂ,1
ㅊㅇㅑㄱㅈㅓㅁ,1
ㅇㅁㅏㅎㅗㅎㅐㄷㅗㄱ,1
ㅌㅏㄹㄹㅊㅟ,1
ㅁㅊㅜㅏㅂㅕㄹㄷㅐㅇㅣㅂ,1
ㅋㅓㅁㅠㄹㅣㅌㅣ,2
ㅇㅣㄴㅈㄱㅔㅅㅕㄴ,1
ㅇㅣㄱㅅㅡㅍㅡㄹㄹㅗㅇㅇㅣㅅ,1
ㄹㅐㄴㅅㅓㅁㅇㅞㅞㅇㅓ,1
ㅁㅕㅇㄹㅕㅇㅈㅇㅔㅓ,1
ㅈㅏㄱㅅㅓㅇㅎㅏㅣ,2
ㄹㅗㄱㅡㅇㅣㄹ,0
ㅈㅏㄱㅅㅓㅇㅇㅎㅏㄱㅣ,2
ㅌㅡㄹㅗㅇㅣㅁㅗㅗㄱㅁㅏ,1
ㄷㅐㅣㅅㅂㅗㄷㅡ,0
ㅇㄴㅣㅈㅔㄱㅅㅕㄴ,1
ㅍㄹㅗㅍㅣㄹ,2
ㅊㅣㄴㄱㅜㅊㄱㅏ,2
ㄷㅐㅐㅅㅣㅂㅗㄷㅡ,0
ㄱㅔㅅㅍㅏㄴ,2
ㅈㅓㅇㅂㅗㅅㅜㅈㅈㅣㅂ,1
ㄹㅐㄴㅅㅓㅁㅇㅞㅓㅇ,1
ㄱㅗㅇㄱㅕㄲ,1
ㄷㅔㅇㅣㅌㅓㅇㅠㅜㄹ,1
ㄷㅔㅇㅣㅌㅓㅂㅔㅇㅣㅣㅅㅡ,0
ㅇㅣㄱㅅㅡㅍㅡㄹㄹㅗㅇㅅㅣ,1
ㄱㅝㄴㄴㅎㅏㄴㅅㅏㅇㅅㅡㅇ,1
ㅍㅡㄹㅗㅍㄹㅣ,2
ㅇㅣㅂㄴㅔㅌㅡ,2
ㅁㅜㅊㅏㅂㅕㄹㄷㅇㅣㅂ,1
ㅅㅇㅇㅣㄴ,0
ㅇㅣㄴㅉㅡㅇ,0
ㄱㅝㄴㅎㄴㅅㅏㅇㅅㅡㅇ,1
ㅁㅜㄴㅇㅢㅅㅎㅏㅏㅇ,2
ㅇㅓㄷㅁㅣㄴ,0
ㅇㅣㅂㅂㅔㄴㅌㅡ,2
ㄷㅗㅇㄱㅣㅘ,0
ㄱㅝㄴㅎㅏㄴㅅㅏㅇㅡㅇ,1
ㅁㅜㄴㅇㅅㅏㅎㅏㅇ,2
ㅇㅜㅚ,1
ㄷㅐㅅㅣㅗㄷㅡ,0
ㅇㅏㅁㅎㅎㅗㅎㅐㄷㅗㄱ,1
ㅇㅏㅏㄹㄹㅣㅁ,2
ㅁㅕㅇㅕㄹㅇㅈㅔㅇㅓ,1
ㄱㅔㅅㅍㅣㅏㄴ,2
ㅍㅔㅇㅇㅣㄹㅗㄷㅡ,1
ㅅㅡㅋㅡㅡㄹㅣㅂㅌㅡ,1
ㄷㅔㅇㅣㅌㅓㅇㅊㅜㄹ,1
ㅍㅇㅣㄹㅗㄷㅡ,1
ㅇㅜㅜㅎㅚ,1
ㄱㅗㅇㄱㅕㅕㄱ,1
ㅎㅘㄴㄱㅕㅇㅅㅓㄹㅈㅓㅓㅇ,0
ㅋㄹㅗㄱㅣㅇ,1
ㄹㄴㅅㅓㅁㅇㅞㅇㅓ,1
ㅅㅡㅇㅇㄴㅣ,0
ㅇㅣㅂㅔㅌㅡ,2
ㅁㅜㄴㅇㅢㅅㅏㅎㅇ,2
ㅅㅏㅇㅛㅈㅇㅏ,2
ㅈㅓㅇㅂㅗㅜㅈㅣㅂ,1
ㅊㄴㄱㅜㅊㅜㄱㅏ,2
ㅅㅋㅡㅡㄹㅣㅂㅌㅡ,1
ㅁㅇㅕㄹㅕㅇㅈㅔㅇㅓ,1
ㄹㅣㅂㅓㅅㅅㅡㅖㄹ,1
ㄹㅣㅂㅓㅡㅅㅅㅖㄹ,1
ㄹㅜㅌㅡㅋㅋㅣㅅ,1
ㅈㅏㄱㅅㅓㅇㅎㅏㄲㅣ,2
ㅊㅟㅇㅑㄱㅓㅈㅁ,1
ㅇㄷㅡㅁㅣㄴ,0
ㅈㅏㄱㅅㅇㅓㅎㅏㄱㅣ,2
ㅇㅣㄴㅈㅔㄱㅅㄴㅕ,1
ㅎㅘㄱㅕㅇㅅㅓㄹㅈㅓㅇ,0
ㄱㅝㄴㅎㅑㄴㅅㅏㅇㅅㅡㅇ,1
ㄱㅓㅁㅆㅐㄱ,2
ㄹㅐㄴㅅㅓㅇㅞㅇㅓ,1
ㅊㅟㅑㅇㄱㅈㅓㅁ,1
ㅎㅘㄴㄱㅕㅇㅅㄹㅓㅈㅓㅇ,0
ㅁㅜㄴㅇㅢㅅㅏㅎㅑㅇ,2
ㄹㅜㅜㅌㅡㅋㅣㅅ,1
ㅇㅣㅂㅔㄴㅡ,2
ㅌㅡㄹㅗㅇㅣㅁㅗㄱㅁㅑ,1
ㅁㅊㅏㅂㅕㄹㄷㅐㅇㅣㅂ,1
ㄱㅗㅇㅈㅅㅏㅎㅏㅇ,2
ㄱㅘㄴㄹㅣㅏ,0
ㄱㅘㅘㄴㄹㅣㅈㅏ,0
ㅎㅐㅣㅋㅇ,1
ㄱㅖㅈㅓㅇㅇㄱㅘㄴㄹㅣ,0
ㅅㅣㅅㅡㅡㅌㅔㅁ,0
ㅆㅡㅇㅇㅣㄴ,0
ㄱㅖㅈㅓㅇㄱㅘㄴㅣ,0
ㅇㅑㄱㅅㅓㅇㅋㅗㄷㅡ,1
ㅁㅜㅊㅂㅕㄹㄷㅐㅇㅣㅂ,1
ㅋㅣㄹㅗㄱㅇㅣ,1
ㅈㅓㅇㅂㅗㅅㅜㅣㅈㅂ,1
ㄱㅝㄴㅎㅏㄴㅅㅏㅅㅡㅇ,1
ㅇㅣㅂㄴㅌㅡ,2
ㅇㅣㄴㄴㅈㅡㅇ,0
ㄷㅔㅇㅌㅣㅓㅇㅠㅊㅜㄹ,1
ㅇㅣㄴㅈㅔㄱㅕㄴ,1
ㄱㅔㅅㅣㅣㅍㅏㄴ,2
ㅁㅕㅇㄹㅕㅇㅈㅔㅓㅇ,1
ㅊㅣㄴㄱㅜㅊㅜㅏ,2
ㅅㅓㅓㅂ,0
ㄷㅐㅣㅂㅗㄷㅡ,0
ㅅㅑㅇㅛㅇㅈㅏ,2
ㄹㅗㄱㅡㅣㄴ,0
ㅌㄹㅏㅊㅟ,1
ㅅㅋㅡㄹㅣㅂㅌㅡ,1
ㄷㅗㅇㅁㅁㅏㄹ,2
ㅇㅏㅁㅎㅗㅎㅐㅐㄷㅗㄱ,1
ㄱㅝㄴㅎㅏㄴㅅㅏㅇㅅㅡㅡㅇ,1
ㄱㅔㅅㅣㅍㅑㄴ,2
ㄱㅖㅈㅓㅇㄱㅘㄹㄹㅣ,0
ㄷㅔㅇㅣㅌㅓㅇㅠㅊㅜㄹ,1
ㄹㅜㅌㅡㅋㅣㅅ,1
ㅁㅕㅇㄹㅕㅇㅉㅔㅇㅓ,1
ㅇㅕㄷㅡㅁㅣㄴ,0
ㄱㅝㄴㅎㅏㄴㅅㅏㅇㅅㅇㅡ,1
ㄱㅘㄴㅣㅈㅏ,0
ㅁㅕㅇㄹㅕㅇㅈㅈㅔㅇㅓ,1
ㅁㅗㄱㄱㄹㅗㄱ,2
ㅇㅣㄲㅅㅡㅍㅡㄹㄹㅗㅇㅣㅅ,1
ㅂㅐㄱㄸㅗㅇㅓ,1
ㅂㅐㄲㄷㅗㅇㅓ,1
ㅅㅣㅅㅌㅔㅁ,0
ㄹㅗㅗㄱㅡㅇㅣㄴ,0
ㅌㄹㅊㅟ,1
ㄷㅔㅇㅣㅌㅓㅂㅔㅇㅣㅅㅡ,0
ㅁㅕㅇㄹㅕㅇㅔㅇㅓ,1
ㅌㄹㅡㅗㅇㅣㅁㅗㄱㅁㅏ,1
ㅇㅣㄴㅈㅔㄱㄱㅅㅕㄴ,1
ㄱㅗㅇㅈㅣㅅㅏㅎㅑㅇ,2
ㄱㅖㅈㅓㅇㅘㄱㄴㄹㅣ,0
ㅇㅏㄹㄹㅣㅣㅁ,2
ㅇㅜㅎㅚ,1
ㅈㅏㅏㄱㅅㅓㅇㅎㅏㄱㅣ,2
ㅂㅐㄱㄷㅗㅓㅇ,1
ㅁㅜㅊㅂㅏㅕㄹㄷㅐㅇㅣㅂ,1
ㅌㅏㅊㅟ,1
ㄷㅔㅣㅇㅌㅓㅂㅔㅇㅣㅅㅡ,0
ㅇㅣㄱㅅㅡㅍㅡㄹㄹㅇㅗㅣㅅ,1
ㄱㅝㄹㅎㅏㄴㅅㅏㅇㅅㅡㅇ,1
ㅅㅡㅋㅡㄹㅣㅣㅂㅌㅡ,1
ㄱㅝㄴㅎㅏㄴㅅㅏㅇㅇㅅㅡㅇ,1
ㄹㅂㅓㅅㅡㅅㅖㄹ,1
ㄹㅜㅡㅋㅣㅅ,1
ㅂㅑㅇㅣㄹㅓㅅㅡ,1
ㅁㅗㄱㄹㅗㄲ,2
ㄱㅗㅇㅈㅣㅆㅏㅎㅏㅇ,2
ㅁㅜㄴㅇㅢㅅㅏㅎㅏㅇ,2
ㅇㅏㄱㅅㅇㅋㅗㄷㅡ,1
ㄱㅘㄴㄹㅣㅏㅈ,0
ㅁㅕㅇㅇㄹㅕㅇㅈㅔㅇㅓ,1
ㄱㅗㅇㅈㅣㅏㅅㅎㅏㅇ,2
ㄷㅔㅇㅣㅌㅓㅠㅊㅜㄹ,1
ㅈㅓㅇㅂㅗㅅㅜㅜㅈㅣㅂ,1
ㅊㅣㄴㄱㄱㅜㅊㅜㄱㅏ,2
ㅉㅗㅈㅣ,2
ㅊㅇㅟㅑㄱㅈㅓㅁ,1
ㄷㅔㅇㅌㅓㅇㅠㅊㅜㄹ,1
ㅂㄱㅐㄷㅗㅇㅓ,1
ㄱㅖㅈㅓㅇㄱㅘㄹㅣ,0
ㅁㅕㅇㄹㅕㅕㅇㅈㅔㅇㅓ,1
ㅇㄱㅅㅡㅍㅡㄹㄹㅗㅇㅣㅅ,1
ㅋㅁㅠㄴㅣㅌㅣ,2
ㄹㅗㄱㅡㅇㄴ,0
ㅁㅏㅇㅣㅍㅇㅣㅈㅣ,2
ㅊㅣㄴㄱㅜㅊㅜㄱㄱㅏ,2
ㄸㅔㅇㅣㅌㅓㅂㅔㅇㅣㅅㅡ,0
ㄹㅜㅌㅡㅋㅅ,1
ㅁㅕㅇㄹㅕㅈㅇㅔㅇㅓ,1
ㅊㅟㅇㅑㄱㅈㅈㅓㅁ,1
ㅌㅡㄹㅗㅇㅁㅗㄱㅁㅏ,1
ㅋㅓㅁㅠㄴㅣㅌㅌㅣ,2
ㅇㅣㄴㅈㅈㅔㄱㅅㅕㄴ,1
ㄹㅐㄴㅅㅓㅁㅞㅇㅇㅓ,1
ㅇㅏㄱㅅㅓㅇㅋㅋㅗㄷㅡ,1
ㅇㄴㅈㅡㅇ,0
ㅅㅡㅇㅇㅣㄹ,0
ㅈㅓㅇㅂㅗㅜㅅㅈㅣㅂ,1
ㅁㅜㅊㅏㅃㅕㄹㄷㅐㅇㅣㅂ,1
ㅌㅡㄹㅗㅇㅣㅁㄱㅁㅏ,1
ㅎㄴㄱㅕㅇㅅㅓㄹㅈㅓㅇ,0
ㅁㅜㅊㅏㅂㅕㄹㄹㄷㅐㅇㅣㅂ,1
ㅈㅓㅂㅂㅅㅗㄱ,0
